{
    "key": "group_66278b4b5e1bc",
    "title": "Reviews Toggles",
    "fields": [
        {
            "key": "field_66278b4b6869a",
            "label": "Hide from query?",
            "name": "hide_from_query",
            "aria-label": "",
            "type": "true_false",
            "instructions": "",
            "required": 0,
            "conditional_logic": 0,
            "wrapper": {
                "width": "",
                "class": "",
                "id": ""
            },
            "allow_backendsearch": false,
            "show_column_filter": 0,
            "allow_bulkedit": 1,
            "allow_quickedit": 1,
            "show_column": 0,
            "show_column_weight": 1000,
            "show_column_sortable": false,
            "message": "",
            "default_value": 0,
            "ui_on_text": "",
            "ui_off_text": "",
            "ui": 1
        },
        {
            "key": "field_668fefdfbe68c",
            "label": "Include in sync?",
            "name": "include_in_sync",
            "aria-label": "",
            "type": "true_false",
            "instructions": "By default, all untouched reviews will be included in the sync. \r\nThis option is only for reviews that were modified manually via the Wordpress Dashboard.",
            "required": 0,
            "conditional_logic": 0,
            "wrapper": {
                "width": "",
                "class": "",
                "id": ""
            },
            "message": "",
            "default_value": 0,
            "ui_on_text": "",
            "ui_off_text": "",
            "ui": 1
        }
    ],
    "location": [
        [
            {
                "param": "post_type",
                "operator": "==",
                "value": "vmb_reviews"
            }
        ],
        [
            {
                "param": "post_type",
                "operator": "==",
                "value": "post"
            }
        ]
    ],
    "menu_order": 0,
    "position": "normal",
    "style": "default",
    "label_placement": "top",
    "instruction_placement": "label",
    "hide_on_screen": "",
    "active": true,
    "description": "",
    "show_in_rest": 0,
    "modified": 1720709187
}
