{
    "key": "post_type_65de01b7546d3",
    "title": "Resorts",
    "menu_order": 0,
    "active": true,
    "post_type": "resort",
    "advanced_configuration": true,
    "import_source": "",
    "import_date": "",
    "labels": {
        "name": "Resorts",
        "singular_name": "Resort",
        "menu_name": "Resorts",
        "all_items": "All Resorts",
        "edit_item": "Edit Resort",
        "view_item": "View Resort",
        "view_items": "View Resorts",
        "add_new_item": "Add New Resort",
        "add_new": "Add New Resort",
        "new_item": "New Resort",
        "parent_item_colon": "Parent Resort:",
        "search_items": "Search Resorts",
        "not_found": "No resorts found",
        "not_found_in_trash": "No resorts found in Trash",
        "archives": "Resort Archives",
        "attributes": "Resort Attributes",
        "featured_image": "",
        "set_featured_image": "",
        "remove_featured_image": "",
        "use_featured_image": "",
        "insert_into_item": "Insert into resort",
        "uploaded_to_this_item": "Uploaded to this resort",
        "filter_items_list": "Filter resorts list",
        "filter_by_date": "Filter resorts by date",
        "items_list_navigation": "Resorts list navigation",
        "items_list": "Resorts list",
        "item_published": "Resort published.",
        "item_published_privately": "Resort published privately.",
        "item_reverted_to_draft": "Resort reverted to draft.",
        "item_scheduled": "Resort scheduled.",
        "item_updated": "Resort updated.",
        "item_link": "Resort Link",
        "item_link_description": "A link to a resort."
    },
    "description": "",
    "public": true,
    "hierarchical": false,
    "exclude_from_search": false,
    "publicly_queryable": true,
    "show_ui": true,
    "show_in_menu": true,
    "admin_menu_parent": "",
    "show_in_admin_bar": true,
    "show_in_nav_menus": true,
    "show_in_rest": true,
    "rest_base": "",
    "rest_namespace": "wp\/v2",
    "rest_controller_class": "WP_REST_Posts_Controller",
    "menu_position": 5,
    "menu_icon": "dashicons-store",
    "rename_capabilities": false,
    "singular_capability_name": "post",
    "plural_capability_name": "posts",
    "supports": [
        "title",
        "editor",
        "thumbnail"
    ],
    "taxonomies": [
        "amenity"
    ],
    "has_archive": false,
    "has_archive_slug": "",
    "rewrite": {
        "permalink_rewrite": "post_type_key",
        "with_front": "1",
        "feeds": "0",
        "pages": "1"
    },
    "query_var": "post_type_key",
    "query_var_name": "",
    "can_export": true,
    "delete_with_user": false,
    "register_meta_box_cb": "",
    "enter_title_here": "",
    "modified": 1716124519
}
